mean_int,std_int,edge_density,occupancy,fractal_dim_feature,target_fractal,target_occupancy,is_valid
88.77942276000977,42.12880268817002,0.24472522735595703,0.1705942153930664,1.7154572560505874,1.7154572560505874,0.1705942153930664,1
